,test_suite,job_env,job_rvm,build_status,exec_time
2016-03-24 19:00:04,railties/test/application/asset_debugging_test.rb,GEM=railties,2.2.4,failed,20.452477719874608
2016-03-24 19:00:04,railties/test/app_rails_loader_test.rb,GEM=railties,2.2.4,failed,0.04020568564629
2016-03-24 19:00:24,railties/test/backtrace_cleaner_test.rb,GEM=railties,2.2.4,failed,184.80042402817338
2016-03-24 19:03:29,railties/test/code_statistics_calculator_test.rb,GEM=railties,2.2.4,failed,50.805994935073976
2016-03-24 19:04:20,railties/test/engine_test.rb,GEM=railties,2.2.4,failed,3.06224751694615
2016-03-24 19:04:23,railties/test/generators_test.rb,GEM=railties,2.2.4,failed,221.0764141950838
2016-03-24 19:08:04,railties/test/initializable_test.rb,GEM=railties,2.2.4,failed,41.3876593992225
2016-03-24 19:08:45,railties/test/path_generation_test.rb,GEM=railties,2.2.4,failed,50.84215737416761
2016-03-24 19:09:36,railties/test/paths_test.rb,GEM=railties,2.2.4,failed,55.51935216289635
2016-03-24 19:10:31,railties/test/rack_logger_test.rb,GEM=railties,2.2.4,failed,15.34255111190696
2016-03-24 19:10:47,railties/test/rails_info_controller_test.rb,GEM=railties,2.2.4,failed,45.144790309310544
2016-03-24 19:11:32,railties/test/rails_info_test.rb,GEM=railties,2.2.4,failed,14.86416193805372
2016-03-24 19:11:47,railties/test/test_info_test.rb,GEM=railties,2.2.4,failed,21.742882095119647
2016-03-24 19:12:09,railties/test/version_test.rb,GEM=railties,2.2.4,failed,22.816252156887106
2016-03-24 19:12:31,"actionpack/test/abstract/callbacks_test.rb,actionpack/test/abstract/collector_test.rb,actionpack/test/abstract/translation_test.rb,actionpack/test/assertions/response_assertions_test.rb,actionpack/test/controller/action_pack_assertions_test.rb,actionpack/test/controller/base_test.rb,actionpack/test/controller/caching_test.rb,actionpack/test/controller/content_type_test.rb,actionpack/test/controller/default_url_options_with_before_action_test.rb,actionpack/test/controller/filters_test.rb,actionpack/test/controller/flash_hash_test.rb,actionpack/test/controller/flash_test.rb,actionpack/test/controller/force_ssl_test.rb,actionpack/test/controller/helper_test.rb,actionpack/test/controller/http_basic_authentication_test.rb,actionpack/test/controller/http_digest_authentication_test.rb,actionpack/test/controller/http_token_authentication_test.rb,actionpack/test/controller/integration_test.rb,actionpack/test/controller/live_stream_test.rb,actionpack/test/controller/localized_templates_test.rb,actionpack/test/controller/log_subscriber_test.rb,actionpack/test/controller/mime/accept_format_test.rb,actionpack/test/controller/mime/respond_to_test.rb,actionpack/test/controller/new_base/bare_metal_test.rb,actionpack/test/controller/new_base/base_test.rb,actionpack/test/controller/new_base/content_negotiation_test.rb,actionpack/test/controller/new_base/content_type_test.rb,actionpack/test/controller/new_base/metal_test.rb,actionpack/test/controller/new_base/middleware_test.rb,actionpack/test/controller/new_base/render_action_test.rb,actionpack/test/controller/new_base/render_body_test.rb,actionpack/test/controller/new_base/render_context_test.rb,actionpack/test/controller/new_base/render_file_test.rb,actionpack/test/controller/new_base/render_html_test.rb,actionpack/test/controller/new_base/render_implicit_action_test.rb,actionpack/test/controller/new_base/render_layout_test.rb,actionpack/test/controller/new_base/render_partial_test.rb,actionpack/test/controller/new_base/render_plain_test.rb,actionpack/test/controller/new_base/render_streaming_test.rb,actionpack/test/controller/new_base/render_template_test.rb,actionpack/test/controller/new_base/render_test.rb,actionpack/test/controller/new_base/render_text_test.rb,actionpack/test/controller/new_base/render_xml_test.rb,actionpack/test/controller/output_escaping_test.rb,actionpack/test/controller/parameters/accessors_test.rb,actionpack/test/controller/parameters/always_permitted_parameters_test.rb,actionpack/test/controller/parameters/log_on_unpermitted_params_test.rb,actionpack/test/controller/parameters/multi_parameter_attributes_test.rb,actionpack/test/controller/parameters/mutators_test.rb,actionpack/test/controller/parameters/nested_parameters_test.rb,actionpack/test/controller/parameters/parameters_permit_test.rb,actionpack/test/controller/parameters/raise_on_unpermitted_params_test.rb,actionpack/test/controller/params_wrapper_test.rb,actionpack/test/controller/permitted_params_test.rb,actionpack/test/controller/redirect_test.rb,actionpack/test/controller/render_js_test.rb,actionpack/test/controller/render_json_test.rb,actionpack/test/controller/render_other_test.rb,actionpack/test/controller/render_test.rb,actionpack/test/controller/render_xml_test.rb,actionpack/test/controller/renderer_test.rb,actionpack/test/controller/request/test_request_test.rb,actionpack/test/controller/request_forgery_protection_test.rb,actionpack/test/controller/required_params_test.rb,actionpack/test/controller/rescue_test.rb,actionpack/test/controller/resources_test.rb,actionpack/test/controller/routing_test.rb,actionpack/test/controller/runner_test.rb,actionpack/test/controller/send_file_test.rb,actionpack/test/controller/show_exceptions_test.rb,actionpack/test/controller/streaming_test.rb,actionpack/test/controller/test_case_test.rb,actionpack/test/controller/url_for_integration_test.rb,actionpack/test/controller/url_for_test.rb,actionpack/test/controller/url_rewriter_test.rb,actionpack/test/controller/webservice_test.rb,actionpack/test/dispatch/callbacks_test.rb,actionpack/test/dispatch/cookies_test.rb,actionpack/test/dispatch/debug_exceptions_test.rb,actionpack/test/dispatch/exception_wrapper_test.rb,actionpack/test/dispatch/header_test.rb,actionpack/test/dispatch/live_response_test.rb,actionpack/test/dispatch/mapper_test.rb,actionpack/test/dispatch/middleware_stack/middleware_test.rb,actionpack/test/dispatch/middleware_stack_test.rb,actionpack/test/dispatch/mime_type_test.rb,actionpack/test/dispatch/mount_test.rb,actionpack/test/dispatch/prefix_generation_test.rb,actionpack/test/dispatch/rack_cache_test.rb,actionpack/test/dispatch/reloader_test.rb,actionpack/test/dispatch/request/json_params_parsing_test.rb,actionpack/test/dispatch/request/multipart_params_parsing_test.rb,actionpack/test/dispatch/request/query_string_parsing_test.rb,actionpack/test/dispatch/request/session_test.rb,actionpack/test/dispatch/request/url_encoded_params_parsing_test.rb,actionpack/test/dispatch/request_id_test.rb,actionpack/test/dispatch/request_test.rb,actionpack/test/dispatch/response_test.rb,actionpack/test/dispatch/routing/concerns_test.rb,actionpack/test/dispatch/routing/inspector_test.rb,actionpack/test/dispatch/routing/route_set_test.rb,actionpack/test/dispatch/routing_assertions_test.rb,actionpack/test/dispatch/routing_test.rb,actionpack/test/dispatch/session/abstract_store_test.rb,actionpack/test/dispatch/session/cache_store_test.rb,actionpack/test/dispatch/session/cookie_store_test.rb,actionpack/test/dispatch/session/mem_cache_store_test.rb,actionpack/test/dispatch/session/test_session_test.rb,actionpack/test/dispatch/show_exceptions_test.rb,actionpack/test/dispatch/ssl_test.rb,actionpack/test/dispatch/static_test.rb,actionpack/test/dispatch/template_assertions_test.rb,actionpack/test/dispatch/test_request_test.rb,actionpack/test/dispatch/test_response_test.rb,actionpack/test/dispatch/uploaded_file_test.rb,actionpack/test/dispatch/url_generation_test.rb,actionpack/test/journey/gtg/builder_test.rb,actionpack/test/journey/gtg/transition_table_test.rb,actionpack/test/journey/nfa/simulator_test.rb,actionpack/test/journey/nfa/transition_table_test.rb,actionpack/test/journey/nodes/symbol_test.rb,actionpack/test/journey/path/pattern_test.rb,actionpack/test/journey/route/definition/parser_test.rb,actionpack/test/journey/route/definition/scanner_test.rb,actionpack/test/journey/route_test.rb,actionpack/test/journey/router/utils_test.rb,actionpack/test/journey/router_test.rb,actionpack/test/journey/routes_test.rb,actionpack/test/routing/helper_test.rb",GEM=railties,2.2.4,failed,44.720887985680044
2016-03-24 19:13:16,"actionpack/test/abstract/callbacks_test.rb,actionpack/test/abstract/collector_test.rb,actionpack/test/abstract/translation_test.rb,actionpack/test/assertions/response_assertions_test.rb,actionpack/test/controller/action_pack_assertions_test.rb,actionpack/test/controller/base_test.rb,actionpack/test/controller/caching_test.rb,actionpack/test/controller/content_type_test.rb,actionpack/test/controller/default_url_options_with_before_action_test.rb,actionpack/test/controller/filters_test.rb,actionpack/test/controller/flash_hash_test.rb,actionpack/test/controller/flash_test.rb,actionpack/test/controller/force_ssl_test.rb,actionpack/test/controller/helper_test.rb,actionpack/test/controller/http_basic_authentication_test.rb,actionpack/test/controller/http_digest_authentication_test.rb,actionpack/test/controller/http_token_authentication_test.rb,actionpack/test/controller/integration_test.rb,actionpack/test/controller/live_stream_test.rb,actionpack/test/controller/localized_templates_test.rb,actionpack/test/controller/log_subscriber_test.rb,actionpack/test/controller/output_escaping_test.rb,actionpack/test/controller/params_wrapper_test.rb,actionpack/test/controller/permitted_params_test.rb,actionpack/test/controller/redirect_test.rb,actionpack/test/controller/render_js_test.rb,actionpack/test/controller/render_json_test.rb,actionpack/test/controller/render_other_test.rb,actionpack/test/controller/render_test.rb,actionpack/test/controller/render_xml_test.rb,actionpack/test/controller/renderer_test.rb,actionpack/test/controller/request_forgery_protection_test.rb,actionpack/test/controller/required_params_test.rb,actionpack/test/controller/rescue_test.rb,actionpack/test/controller/resources_test.rb,actionpack/test/controller/routing_test.rb,actionpack/test/controller/runner_test.rb,actionpack/test/controller/send_file_test.rb,actionpack/test/controller/show_exceptions_test.rb,actionpack/test/controller/streaming_test.rb,actionpack/test/controller/test_case_test.rb,actionpack/test/controller/url_for_integration_test.rb,actionpack/test/controller/url_for_test.rb,actionpack/test/controller/url_rewriter_test.rb,actionpack/test/controller/webservice_test.rb,actionpack/test/dispatch/callbacks_test.rb,actionpack/test/dispatch/cookies_test.rb,actionpack/test/dispatch/debug_exceptions_test.rb,actionpack/test/dispatch/exception_wrapper_test.rb,actionpack/test/dispatch/header_test.rb,actionpack/test/dispatch/live_response_test.rb,actionpack/test/dispatch/mapper_test.rb,actionpack/test/dispatch/middleware_stack_test.rb,actionpack/test/dispatch/mime_type_test.rb,actionpack/test/dispatch/mount_test.rb,actionpack/test/dispatch/prefix_generation_test.rb,actionpack/test/dispatch/rack_cache_test.rb,actionpack/test/dispatch/reloader_test.rb,actionpack/test/dispatch/request_id_test.rb,actionpack/test/dispatch/request_test.rb,actionpack/test/dispatch/response_test.rb,actionpack/test/dispatch/routing_assertions_test.rb,actionpack/test/dispatch/routing_test.rb,actionpack/test/dispatch/show_exceptions_test.rb,actionpack/test/dispatch/ssl_test.rb,actionpack/test/dispatch/static_test.rb,actionpack/test/dispatch/template_assertions_test.rb,actionpack/test/dispatch/test_request_test.rb,actionpack/test/dispatch/test_response_test.rb,actionpack/test/dispatch/uploaded_file_test.rb,actionpack/test/dispatch/url_generation_test.rb,actionpack/test/journey/route_test.rb,actionpack/test/journey/router_test.rb,actionpack/test/journey/routes_test.rb,actionpack/test/routing/helper_test.rb,actionpack/test/journey/gtg/builder_test.rb,actionpack/test/journey/gtg/transition_table_test.rb,actionpack/test/journey/nfa/simulator_test.rb,actionpack/test/journey/nfa/transition_table_test.rb,actionpack/test/journey/nodes/symbol_test.rb,actionpack/test/journey/path/pattern_test.rb,actionpack/test/journey/router/utils_test.rb,actionpack/test/journey/route/definition/parser_test.rb,actionpack/test/journey/route/definition/scanner_test.rb,actionpack/test/dispatch/middleware_stack/middleware_test.rb,actionpack/test/dispatch/request/json_params_parsing_test.rb,actionpack/test/dispatch/request/multipart_params_parsing_test.rb,actionpack/test/dispatch/request/query_string_parsing_test.rb,actionpack/test/dispatch/request/session_test.rb,actionpack/test/dispatch/request/url_encoded_params_parsing_test.rb,actionpack/test/dispatch/routing/concerns_test.rb,actionpack/test/dispatch/routing/inspector_test.rb,actionpack/test/dispatch/routing/route_set_test.rb,actionpack/test/dispatch/session/abstract_store_test.rb,actionpack/test/dispatch/session/cache_store_test.rb,actionpack/test/dispatch/session/cookie_store_test.rb,actionpack/test/dispatch/session/mem_cache_store_test.rb,actionpack/test/dispatch/session/test_session_test.rb,actionpack/test/controller/mime/accept_format_test.rb,actionpack/test/controller/mime/respond_to_test.rb,actionpack/test/controller/new_base/bare_metal_test.rb,actionpack/test/controller/new_base/base_test.rb,actionpack/test/controller/new_base/content_negotiation_test.rb,actionpack/test/controller/new_base/content_type_test.rb,actionpack/test/controller/new_base/metal_test.rb,actionpack/test/controller/new_base/middleware_test.rb,actionpack/test/controller/new_base/render_action_test.rb,actionpack/test/controller/new_base/render_body_test.rb,actionpack/test/controller/new_base/render_context_test.rb,actionpack/test/controller/new_base/render_file_test.rb,actionpack/test/controller/new_base/render_html_test.rb,actionpack/test/controller/new_base/render_implicit_action_test.rb,actionpack/test/controller/new_base/render_layout_test.rb,actionpack/test/controller/new_base/render_partial_test.rb,actionpack/test/controller/new_base/render_plain_test.rb,actionpack/test/controller/new_base/render_streaming_test.rb,actionpack/test/controller/new_base/render_template_test.rb,actionpack/test/controller/new_base/render_test.rb,actionpack/test/controller/new_base/render_text_test.rb,actionpack/test/controller/new_base/render_xml_test.rb,actionpack/test/controller/parameters/accessors_test.rb,actionpack/test/controller/parameters/always_permitted_parameters_test.rb,actionpack/test/controller/parameters/log_on_unpermitted_params_test.rb,actionpack/test/controller/parameters/multi_parameter_attributes_test.rb,actionpack/test/controller/parameters/mutators_test.rb,actionpack/test/controller/parameters/nested_parameters_test.rb,actionpack/test/controller/parameters/parameters_permit_test.rb,actionpack/test/controller/parameters/raise_on_unpermitted_params_test.rb,actionpack/test/controller/request/test_request_test.rb",GEM=railties,2.2.4,failed,70.05063704380615
2016-03-24 19:14:26,"actionpack/bundle/jruby/2.2/gems/rake-10.4.2/lib/rake/rake_test_loader.rb,actionpack/test/abstract/callbacks_test.rb,actionpack/test/abstract/collector_test.rb,actionpack/test/abstract/translation_test.rb,actionpack/test/assertions/response_assertions_test.rb,actionpack/test/controller/action_pack_assertions_test.rb,actionpack/test/controller/base_test.rb,actionpack/test/controller/caching_test.rb,actionpack/test/controller/content_type_test.rb,actionpack/test/controller/default_url_options_with_before_action_test.rb,actionpack/test/controller/filters_test.rb,actionpack/test/controller/flash_hash_test.rb,actionpack/test/controller/flash_test.rb,actionpack/test/controller/force_ssl_test.rb,actionpack/test/controller/helper_test.rb,actionpack/test/controller/http_basic_authentication_test.rb,actionpack/test/controller/http_digest_authentication_test.rb,actionpack/test/controller/http_token_authentication_test.rb,actionpack/test/controller/integration_test.rb,actionpack/test/controller/live_stream_test.rb,actionpack/test/controller/localized_templates_test.rb,actionpack/test/controller/log_subscriber_test.rb,actionpack/test/controller/output_escaping_test.rb,actionpack/test/controller/params_wrapper_test.rb,actionpack/test/controller/permitted_params_test.rb,actionpack/test/controller/redirect_test.rb,actionpack/test/controller/render_js_test.rb,actionpack/test/controller/render_json_test.rb,actionpack/test/controller/render_other_test.rb,actionpack/test/controller/render_test.rb,actionpack/test/controller/render_xml_test.rb,actionpack/test/controller/renderer_test.rb,actionpack/test/controller/request_forgery_protection_test.rb,actionpack/test/controller/required_params_test.rb,actionpack/test/controller/rescue_test.rb,actionpack/test/controller/resources_test.rb,actionpack/test/controller/routing_test.rb,actionpack/test/controller/runner_test.rb,actionpack/test/controller/send_file_test.rb,actionpack/test/controller/show_exceptions_test.rb,actionpack/test/controller/streaming_test.rb,actionpack/test/controller/test_case_test.rb,actionpack/test/controller/url_for_integration_test.rb,actionpack/test/controller/url_for_test.rb,actionpack/test/controller/url_rewriter_test.rb,actionpack/test/controller/webservice_test.rb,actionpack/test/controller/mime/accept_format_test.rb,actionpack/test/controller/mime/respond_to_test.rb,actionpack/test/controller/new_base/bare_metal_test.rb,actionpack/test/controller/new_base/base_test.rb,actionpack/test/controller/new_base/content_negotiation_test.rb,actionpack/test/controller/new_base/content_type_test.rb,actionpack/test/controller/new_base/metal_test.rb,actionpack/test/controller/new_base/middleware_test.rb,actionpack/test/controller/new_base/render_action_test.rb,actionpack/test/controller/new_base/render_body_test.rb,actionpack/test/controller/new_base/render_context_test.rb,actionpack/test/controller/new_base/render_file_test.rb,actionpack/test/controller/new_base/render_html_test.rb,actionpack/test/controller/new_base/render_implicit_action_test.rb,actionpack/test/controller/new_base/render_layout_test.rb,actionpack/test/controller/new_base/render_partial_test.rb,actionpack/test/controller/new_base/render_plain_test.rb,actionpack/test/controller/new_base/render_streaming_test.rb,actionpack/test/controller/new_base/render_template_test.rb,actionpack/test/controller/new_base/render_test.rb,actionpack/test/controller/new_base/render_text_test.rb,actionpack/test/controller/new_base/render_xml_test.rb,actionpack/test/controller/parameters/accessors_test.rb,actionpack/test/controller/parameters/always_permitted_parameters_test.rb,actionpack/test/controller/parameters/log_on_unpermitted_params_test.rb,actionpack/test/controller/parameters/multi_parameter_attributes_test.rb,actionpack/test/controller/parameters/mutators_test.rb,actionpack/test/controller/parameters/nested_parameters_test.rb,actionpack/test/controller/parameters/parameters_permit_test.rb,actionpack/test/controller/parameters/raise_on_unpermitted_params_test.rb,actionpack/test/controller/request/test_request_test.rb,actionpack/test/dispatch/callbacks_test.rb,actionpack/test/dispatch/cookies_test.rb,actionpack/test/dispatch/debug_exceptions_test.rb,actionpack/test/dispatch/exception_wrapper_test.rb,actionpack/test/dispatch/header_test.rb,actionpack/test/dispatch/live_response_test.rb,actionpack/test/dispatch/mapper_test.rb,actionpack/test/dispatch/middleware_stack_test.rb,actionpack/test/dispatch/mime_type_test.rb,actionpack/test/dispatch/mount_test.rb,actionpack/test/dispatch/prefix_generation_test.rb,actionpack/test/dispatch/rack_cache_test.rb,actionpack/test/dispatch/reloader_test.rb,actionpack/test/dispatch/request_id_test.rb,actionpack/test/dispatch/request_test.rb,actionpack/test/dispatch/response_test.rb,actionpack/test/dispatch/routing_assertions_test.rb,actionpack/test/dispatch/routing_test.rb,actionpack/test/dispatch/show_exceptions_test.rb,actionpack/test/dispatch/ssl_test.rb,actionpack/test/dispatch/static_test.rb,actionpack/test/dispatch/template_assertions_test.rb,actionpack/test/dispatch/test_request_test.rb,actionpack/test/dispatch/test_response_test.rb,actionpack/test/dispatch/uploaded_file_test.rb,actionpack/test/dispatch/url_generation_test.rb,actionpack/test/dispatch/middleware_stack/middleware_test.rb,actionpack/test/dispatch/request/json_params_parsing_test.rb,actionpack/test/dispatch/request/multipart_params_parsing_test.rb,actionpack/test/dispatch/request/query_string_parsing_test.rb,actionpack/test/dispatch/request/session_test.rb,actionpack/test/dispatch/request/url_encoded_params_parsing_test.rb,actionpack/test/dispatch/routing/concerns_test.rb,actionpack/test/dispatch/routing/inspector_test.rb,actionpack/test/dispatch/routing/route_set_test.rb,actionpack/test/dispatch/session/abstract_store_test.rb,actionpack/test/dispatch/session/cache_store_test.rb,actionpack/test/dispatch/session/cookie_store_test.rb,actionpack/test/dispatch/session/mem_cache_store_test.rb,actionpack/test/dispatch/session/test_session_test.rb,actionpack/test/journey/route_test.rb,actionpack/test/journey/router_test.rb,actionpack/test/journey/routes_test.rb,actionpack/test/journey/gtg/builder_test.rb,actionpack/test/journey/gtg/transition_table_test.rb,actionpack/test/journey/nfa/simulator_test.rb,actionpack/test/journey/nfa/transition_table_test.rb,actionpack/test/journey/nodes/symbol_test.rb,actionpack/test/journey/path/pattern_test.rb,actionpack/test/journey/route/definition/parser_test.rb,actionpack/test/journey/route/definition/scanner_test.rb,actionpack/test/journey/router/utils_test.rb,actionpack/test/routing/helper_test.rb",GEM=railties,2.2.4,failed,24.694264089986092
2016-03-24 19:14:51,actionmailer/test/**/*_test.rb,GEM=railties,2.2.4,failed,7.042562652795961
2016-03-24 19:14:58,"activemodel/test/cases/attribute_assignment_test.rb,activemodel/test/cases/attribute_methods_test.rb,activemodel/test/cases/callbacks_test.rb,activemodel/test/cases/conversion_test.rb,activemodel/test/cases/dirty_test.rb,activemodel/test/cases/errors_test.rb,activemodel/test/cases/forbidden_attributes_protection_test.rb,activemodel/test/cases/lint_test.rb,activemodel/test/cases/model_test.rb,activemodel/test/cases/naming_test.rb,activemodel/test/cases/railtie_test.rb,activemodel/test/cases/secure_password_test.rb,activemodel/test/cases/serialization_test.rb,activemodel/test/cases/serializers/json_serialization_test.rb,activemodel/test/cases/serializers/xml_serialization_test.rb,activemodel/test/cases/translation_test.rb,activemodel/test/cases/validations/absence_validation_test.rb,activemodel/test/cases/validations/acceptance_validation_test.rb,activemodel/test/cases/validations/callbacks_test.rb,activemodel/test/cases/validations/conditional_validation_test.rb,activemodel/test/cases/validations/confirmation_validation_test.rb,activemodel/test/cases/validations/exclusion_validation_test.rb,activemodel/test/cases/validations/format_validation_test.rb,activemodel/test/cases/validations/i18n_generate_message_validation_test.rb,activemodel/test/cases/validations/i18n_validation_test.rb,activemodel/test/cases/validations/inclusion_validation_test.rb,activemodel/test/cases/validations/length_validation_test.rb,activemodel/test/cases/validations/numericality_validation_test.rb,activemodel/test/cases/validations/presence_validation_test.rb,activemodel/test/cases/validations/validates_test.rb,activemodel/test/cases/validations/validations_context_test.rb,activemodel/test/cases/validations/with_validation_test.rb,activemodel/test/cases/validations_test.rb",GEM=railties,2.2.4,failed,26.466656277713533
2016-03-24 19:15:24,activesupport/test/**/*_test.rb,GEM=railties,2.2.4,failed,12.098637990995266
2016-03-24 19:15:36,"actionview/test/template/active_model_helper_test.rb,actionview/test/template/asset_tag_helper_test.rb,actionview/test/template/atom_feed_helper_test.rb,actionview/test/template/capture_helper_test.rb,actionview/test/template/compiled_templates_test.rb,actionview/test/template/date_helper_i18n_test.rb,actionview/test/template/date_helper_test.rb,actionview/test/template/dependency_tracker_test.rb,actionview/test/template/digestor_test.rb,actionview/test/template/erb/form_for_test.rb,actionview/test/template/erb/tag_helper_test.rb,actionview/test/template/erb_util_test.rb,actionview/test/template/form_collections_helper_test.rb,actionview/test/template/form_helper_test.rb,actionview/test/template/form_options_helper_i18n_test.rb,actionview/test/template/form_options_helper_test.rb,actionview/test/template/form_tag_helper_test.rb,actionview/test/template/html_test.rb,actionview/test/template/javascript_helper_test.rb,actionview/test/template/log_subscriber_test.rb,actionview/test/template/lookup_context_test.rb,actionview/test/template/number_helper_test.rb,actionview/test/template/output_safety_helper_test.rb,actionview/test/template/partial_iteration_test.rb,actionview/test/template/record_identifier_test.rb,actionview/test/template/record_tag_helper_test.rb,actionview/test/template/render_test.rb,actionview/test/template/resolver_patterns_test.rb,actionview/test/template/sanitize_helper_test.rb,actionview/test/template/streaming_render_test.rb,actionview/test/template/tag_helper_test.rb,actionview/test/template/template_error_test.rb,actionview/test/template/template_test.rb,actionview/test/template/test_case_test.rb,actionview/test/template/test_test.rb,actionview/test/template/testing/fixture_resolver_test.rb,actionview/test/template/testing/null_resolver_test.rb,actionview/test/template/text_helper_test.rb,actionview/test/template/text_test.rb,actionview/test/template/translation_helper_test.rb,actionview/test/template/url_helper_test.rb,actionview/test/template/template_eager_loader_test.rb",GEM=railties,2.2.4,failed,6.976838262708
2016-03-24 19:15:43,"actionview/test/actionpack/abstract/abstract_controller_test.rb,actionview/test/actionpack/abstract/helper_test.rb,actionview/test/actionpack/abstract/layouts_test.rb,actionview/test/actionpack/abstract/render_test.rb,actionview/test/actionpack/controller/capture_test.rb,actionview/test/actionpack/controller/layout_test.rb,actionview/test/actionpack/controller/render_test.rb,actionview/test/actionpack/controller/view_paths_test.rb",GEM=railties,2.2.4,failed,25.69228653647563
2016-03-24 19:16:06,"actionview/test/activerecord/controller_runtime_test.rb,actionview/test/activerecord/debug_helper_test.rb,actionview/test/activerecord/form_helper_activerecord_test.rb,actionview/test/activerecord/polymorphic_routes_test.rb,actionview/test/activerecord/render_partial_with_record_identification_test.rb",GEM=railties,2.2.4,passed,10.564529263780221
2016-03-24 19:16:16,"activejob/test/cases/adapter_test.rb,activejob/test/cases/argument_serialization_test.rb,activejob/test/cases/callbacks_test.rb,activejob/test/cases/job_serialization_test.rb,activejob/test/cases/logging_test.rb,activejob/test/cases/queue_naming_test.rb,activejob/test/cases/queuing_test.rb,activejob/test/cases/rescue_test.rb,activejob/test/cases/test_case_test.rb,activejob/test/cases/test_helper_test.rb",GEM=railties,2.2.4,passed,56.35673405350375
2016-03-24 19:17:13,"activemodel/test/cases/attribute_assignment_test.rb,activemodel/test/cases/attribute_methods_test.rb,activemodel/test/cases/callbacks_test.rb,activemodel/test/cases/conversion_test.rb,activemodel/test/cases/dirty_test.rb,activemodel/test/cases/errors_test.rb,activemodel/test/cases/forbidden_attributes_protection_test.rb,activemodel/test/cases/lint_test.rb,activemodel/test/cases/model_test.rb,activemodel/test/cases/naming_test.rb,activemodel/test/cases/railtie_test.rb,activemodel/test/cases/secure_password_test.rb,activemodel/test/cases/serialization_test.rb,activemodel/test/cases/translation_test.rb,activemodel/test/cases/validations_test.rb,activemodel/test/cases/serializers/json_serialization_test.rb,activemodel/test/cases/serializers/xml_serialization_test.rb,activemodel/test/cases/validations/absence_validation_test.rb,activemodel/test/cases/validations/acceptance_validation_test.rb,activemodel/test/cases/validations/callbacks_test.rb,activemodel/test/cases/validations/conditional_validation_test.rb,activemodel/test/cases/validations/confirmation_validation_test.rb,activemodel/test/cases/validations/exclusion_validation_test.rb,activemodel/test/cases/validations/format_validation_test.rb,activemodel/test/cases/validations/i18n_generate_message_validation_test.rb,activemodel/test/cases/validations/i18n_validation_test.rb,activemodel/test/cases/validations/inclusion_validation_test.rb,activemodel/test/cases/validations/length_validation_test.rb,activemodel/test/cases/validations/numericality_validation_test.rb,activemodel/test/cases/validations/presence_validation_test.rb,activemodel/test/cases/validations/validates_test.rb,activemodel/test/cases/validations/validations_context_test.rb,activemodel/test/cases/validations/with_validation_test.rb",GEM=railties,2.2.4,passed,28.590738595370308
2016-03-24 19:17:41,"actionview/test/template/active_model_helper_test.rb,actionview/test/template/asset_tag_helper_test.rb,actionview/test/template/atom_feed_helper_test.rb,actionview/test/template/capture_helper_test.rb,actionview/test/template/compiled_templates_test.rb,actionview/test/template/date_helper_i18n_test.rb,actionview/test/template/date_helper_test.rb,actionview/test/template/dependency_tracker_test.rb,actionview/test/template/digestor_test.rb,actionview/test/template/erb_util_test.rb,actionview/test/template/form_collections_helper_test.rb,actionview/test/template/form_helper_test.rb,actionview/test/template/form_options_helper_i18n_test.rb,actionview/test/template/form_options_helper_test.rb,actionview/test/template/form_tag_helper_test.rb,actionview/test/template/html_test.rb,actionview/test/template/javascript_helper_test.rb,actionview/test/template/log_subscriber_test.rb,actionview/test/template/lookup_context_test.rb,actionview/test/template/number_helper_test.rb,actionview/test/template/output_safety_helper_test.rb,actionview/test/template/partial_iteration_test.rb,actionview/test/template/record_identifier_test.rb,actionview/test/template/record_tag_helper_test.rb,actionview/test/template/render_test.rb,actionview/test/template/resolver_patterns_test.rb,actionview/test/template/sanitize_helper_test.rb,actionview/test/template/streaming_render_test.rb,actionview/test/template/tag_helper_test.rb,actionview/test/template/template_error_test.rb,actionview/test/template/template_test.rb,actionview/test/template/test_case_test.rb,actionview/test/template/test_test.rb,actionview/test/template/text_helper_test.rb,actionview/test/template/text_test.rb,actionview/test/template/translation_helper_test.rb,actionview/test/template/url_helper_test.rb,actionview/test/template/template_eager_loader_test.rb,actionview/test/template/erb/form_for_test.rb,actionview/test/template/erb/tag_helper_test.rb,actionview/test/template/testing/fixture_resolver_test.rb,actionview/test/template/testing/null_resolver_test.rb",GEM=railties,2.2.4,passed,11.451445803895107
2016-03-24 19:17:53,"actionmailer/bundle/jruby/2.2/gems/rake-10.4.2/lib/rake/rake_test_loader.rb,actionmailer/test/**/*_test.rb",GEM=railties,2.2.4,passed,5.143014779686969
2016-03-24 19:17:58,"actionview/bundle/jruby/2.2/gems/rake-10.4.2/lib/rake/rake_test_loader.rb,actionview/test/template/active_model_helper_test.rb,actionview/test/template/asset_tag_helper_test.rb,actionview/test/template/atom_feed_helper_test.rb,actionview/test/template/capture_helper_test.rb,actionview/test/template/compiled_templates_test.rb,actionview/test/template/date_helper_i18n_test.rb,actionview/test/template/date_helper_test.rb,actionview/test/template/dependency_tracker_test.rb,actionview/test/template/digestor_test.rb,actionview/test/template/erb_util_test.rb,actionview/test/template/form_collections_helper_test.rb,actionview/test/template/form_helper_test.rb,actionview/test/template/form_options_helper_i18n_test.rb,actionview/test/template/form_options_helper_test.rb,actionview/test/template/form_tag_helper_test.rb,actionview/test/template/html_test.rb,actionview/test/template/javascript_helper_test.rb,actionview/test/template/log_subscriber_test.rb,actionview/test/template/lookup_context_test.rb,actionview/test/template/number_helper_test.rb,actionview/test/template/output_safety_helper_test.rb,actionview/test/template/partial_iteration_test.rb,actionview/test/template/record_identifier_test.rb,actionview/test/template/record_tag_helper_test.rb,actionview/test/template/render_test.rb,actionview/test/template/resolver_patterns_test.rb,actionview/test/template/sanitize_helper_test.rb,actionview/test/template/streaming_render_test.rb,actionview/test/template/tag_helper_test.rb,actionview/test/template/template_error_test.rb,actionview/test/template/template_test.rb,actionview/test/template/test_case_test.rb,actionview/test/template/test_test.rb,actionview/test/template/text_helper_test.rb,actionview/test/template/text_test.rb,actionview/test/template/translation_helper_test.rb,actionview/test/template/url_helper_test.rb,actionview/test/template/template_eager_loader_test.rb,actionview/test/template/erb/form_for_test.rb,actionview/test/template/erb/tag_helper_test.rb,actionview/test/template/testing/fixture_resolver_test.rb,actionview/test/template/testing/null_resolver_test.rb",GEM=railties,2.2.4,passed,10.47445790313472
2016-03-24 19:18:08,"activerecord/test/cases/adapter_test.rb,activerecord/test/cases/aggregations_test.rb,activerecord/test/cases/ar_schema_test.rb,activerecord/test/cases/associations/association_scope_test.rb,activerecord/test/cases/associations/belongs_to_associations_test.rb,activerecord/test/cases/associations/callbacks_test.rb,activerecord/test/cases/associations/cascaded_eager_loading_test.rb,activerecord/test/cases/associations/eager_load_includes_full_sti_class_test.rb,activerecord/test/cases/associations/eager_load_nested_include_test.rb,activerecord/test/cases/associations/eager_singularization_test.rb,activerecord/test/cases/associations/eager_test.rb,activerecord/test/cases/associations/extension_test.rb,activerecord/test/cases/associations/has_and_belongs_to_many_associations_test.rb,activerecord/test/cases/associations/has_many_associations_test.rb,activerecord/test/cases/associations/has_many_through_associations_test.rb,activerecord/test/cases/associations/has_one_associations_test.rb,activerecord/test/cases/associations/has_one_through_associations_test.rb,activerecord/test/cases/associations/inner_join_association_test.rb,activerecord/test/cases/associations/inverse_associations_test.rb,activerecord/test/cases/associations/join_model_test.rb,activerecord/test/cases/associations/nested_through_associations_test.rb,activerecord/test/cases/associations/required_test.rb,activerecord/test/cases/associations_test.rb,activerecord/test/cases/attribute_decorators_test.rb,activerecord/test/cases/attribute_methods/read_test.rb,activerecord/test/cases/attribute_methods_test.rb,activerecord/test/cases/attribute_set_test.rb,activerecord/test/cases/attribute_test.rb,activerecord/test/cases/attributes_test.rb,activerecord/test/cases/autosave_association_test.rb,activerecord/test/cases/base_test.rb,activerecord/test/cases/batches_test.rb,activerecord/test/cases/binary_test.rb,activerecord/test/cases/bind_parameter_test.rb,activerecord/test/cases/calculations_test.rb,activerecord/test/cases/callbacks_test.rb,activerecord/test/cases/clone_test.rb,activerecord/test/cases/coders/yaml_column_test.rb,activerecord/test/cases/column_alias_test.rb,activerecord/test/cases/column_definition_test.rb,activerecord/test/cases/connection_adapters/adapter_leasing_test.rb,activerecord/test/cases/connection_adapters/connection_handler_test.rb,activerecord/test/cases/connection_adapters/connection_specification_test.rb,activerecord/test/cases/connection_adapters/merge_and_resolve_default_url_config_test.rb,activerecord/test/cases/connection_adapters/mysql_type_lookup_test.rb,activerecord/test/cases/connection_adapters/quoting_test.rb,activerecord/test/cases/connection_adapters/schema_cache_test.rb,activerecord/test/cases/connection_adapters/type_lookup_test.rb,activerecord/test/cases/connection_management_test.rb,activerecord/test/cases/connection_pool_test.rb,activerecord/test/cases/connection_specification/resolver_test.rb,activerecord/test/cases/core_test.rb,activerecord/test/cases/counter_cache_test.rb,activerecord/test/cases/custom_locking_test.rb,activerecord/test/cases/database_statements_test.rb,activerecord/test/cases/date_time_precision_test.rb,activerecord/test/cases/date_time_test.rb,activerecord/test/cases/defaults_test.rb,activerecord/test/cases/dirty_test.rb,activerecord/test/cases/disconnected_test.rb,activerecord/test/cases/dup_test.rb,activerecord/test/cases/enum_test.rb,activerecord/test/cases/explain_subscriber_test.rb,activerecord/test/cases/explain_test.rb,activerecord/test/cases/finder_respond_to_test.rb,activerecord/test/cases/finder_test.rb,activerecord/test/cases/fixture_set/file_test.rb,activerecord/test/cases/fixtures_test.rb,activerecord/test/cases/forbidden_attributes_protection_test.rb,activerecord/test/cases/habtm_destroy_order_test.rb,activerecord/test/cases/hot_compatibility_test.rb,activerecord/test/cases/i18n_test.rb,activerecord/test/cases/inheritance_test.rb,activerecord/test/cases/integration_test.rb,activerecord/test/cases/invalid_connection_test.rb,activerecord/test/cases/invalid_date_test.rb,activerecord/test/cases/invertible_migration_test.rb,activerecord/test/cases/json_serialization_test.rb,activerecord/test/cases/locking_test.rb,activerecord/test/cases/log_subscriber_test.rb,activerecord/test/cases/migration/change_schema_test.rb,activerecord/test/cases/migration/change_table_test.rb,activerecord/test/cases/migration/column_attributes_test.rb,activerecord/test/cases/migration/column_positioning_test.rb,activerecord/test/cases/migration/columns_test.rb,activerecord/test/cases/migration/command_recorder_test.rb,activerecord/test/cases/migration/create_join_table_test.rb,activerecord/test/cases/migration/foreign_key_test.rb,activerecord/test/cases/migration/index_test.rb,activerecord/test/cases/migration/logger_test.rb,activerecord/test/cases/migration/pending_migrations_test.rb,activerecord/test/cases/migration/references_foreign_key_test.rb,activerecord/test/cases/migration/references_index_test.rb,activerecord/test/cases/migration/references_statements_test.rb,activerecord/test/cases/migration/rename_table_test.rb,activerecord/test/cases/migration/table_and_index_test.rb,activerecord/test/cases/migration_test.rb,activerecord/test/cases/migrator_test.rb,activerecord/test/cases/mixin_test.rb,activerecord/test/cases/modules_test.rb,activerecord/test/cases/multiparameter_attributes_test.rb,activerecord/test/cases/multiple_db_test.rb,activerecord/test/cases/nested_attributes_test.rb,activerecord/test/cases/nested_attributes_with_callbacks_test.rb,activerecord/test/cases/persistence_test.rb,activerecord/test/cases/pooled_connections_test.rb,activerecord/test/cases/primary_keys_test.rb,activerecord/test/cases/query_cache_test.rb,activerecord/test/cases/quoting_test.rb,activerecord/test/cases/readonly_test.rb,activerecord/test/cases/reaper_test.rb,activerecord/test/cases/reflection_test.rb,activerecord/test/cases/relation/delegation_test.rb,activerecord/test/cases/relation/merging_test.rb,activerecord/test/cases/relation/mutation_test.rb,activerecord/test/cases/relation/or_test.rb,activerecord/test/cases/relation/predicate_builder_test.rb,activerecord/test/cases/relation/where_chain_test.rb,activerecord/test/cases/relation/where_clause_test.rb,activerecord/test/cases/relation/where_test.rb,activerecord/test/cases/relation_test.rb,activerecord/test/cases/relations_test.rb,activerecord/test/cases/reload_models_test.rb,activerecord/test/cases/result_test.rb,activerecord/test/cases/sanitize_test.rb,activerecord/test/cases/schema_dumper_test.rb,activerecord/test/cases/scoping/default_scoping_test.rb,activerecord/test/cases/scoping/named_scoping_test.rb,activerecord/test/cases/scoping/relation_scoping_test.rb,activerecord/test/cases/secure_token_test.rb,activerecord/test/cases/serialization_test.rb,activerecord/test/cases/serialized_attribute_test.rb,activerecord/test/cases/statement_cache_test.rb,activerecord/test/cases/store_test.rb,activerecord/test/cases/suppressor_test.rb,activerecord/test/cases/tasks/database_tasks_test.rb,activerecord/test/cases/tasks/mysql_rake_test.rb,activerecord/test/cases/tasks/postgresql_rake_test.rb,activerecord/test/cases/tasks/sqlite_rake_test.rb,activerecord/test/cases/time_precision_test.rb,activerecord/test/cases/timestamp_test.rb,activerecord/test/cases/transaction_callbacks_test.rb,activerecord/test/cases/transaction_isolation_test.rb,activerecord/test/cases/transactions_test.rb,activerecord/test/cases/type/adapter_specific_registry_test.rb,activerecord/test/cases/type/decimal_test.rb,activerecord/test/cases/type/integer_test.rb,activerecord/test/cases/type/string_test.rb,activerecord/test/cases/type/type_map_test.rb,activerecord/test/cases/type/unsigned_integer_test.rb,activerecord/test/cases/type_test.rb,activerecord/test/cases/types_test.rb,activerecord/test/cases/unconnected_test.rb,activerecord/test/cases/validations/association_validation_test.rb,activerecord/test/cases/validations/i18n_generate_message_validation_test.rb,activerecord/test/cases/validations/i18n_validation_test.rb,activerecord/test/cases/validations/length_validation_test.rb,activerecord/test/cases/validations/presence_validation_test.rb,activerecord/test/cases/validations/uniqueness_validation_test.rb,activerecord/test/cases/validations_test.rb,activerecord/test/cases/view_test.rb,activerecord/test/cases/xml_serialization_test.rb,activerecord/test/cases/yaml_serialization_test.rb,activerecord/test/cases/adapters/mysql/active_schema_test.rb,activerecord/test/cases/adapters/mysql/case_sensitivity_test.rb,activerecord/test/cases/adapters/mysql/connection_test.rb,activerecord/test/cases/adapters/mysql/consistency_test.rb,activerecord/test/cases/adapters/mysql/enum_test.rb,activerecord/test/cases/adapters/mysql/mysql_adapter_test.rb,activerecord/test/cases/adapters/mysql/quoting_test.rb,activerecord/test/cases/adapters/mysql/reserved_word_test.rb,activerecord/test/cases/adapters/mysql/schema_test.rb,activerecord/test/cases/adapters/mysql/sp_test.rb,activerecord/test/cases/adapters/mysql/sql_types_test.rb,activerecord/test/cases/adapters/mysql/statement_pool_test.rb,activerecord/test/cases/adapters/mysql/unsigned_type_test.rb",GEM=railties,2.2.4,passed,8.895555591427819
2016-03-24 19:18:17,"activerecord/test/cases/adapter_test.rb,activerecord/test/cases/aggregations_test.rb,activerecord/test/cases/ar_schema_test.rb,activerecord/test/cases/associations/association_scope_test.rb,activerecord/test/cases/associations/belongs_to_associations_test.rb,activerecord/test/cases/associations/callbacks_test.rb,activerecord/test/cases/associations/cascaded_eager_loading_test.rb,activerecord/test/cases/associations/eager_load_includes_full_sti_class_test.rb,activerecord/test/cases/associations/eager_load_nested_include_test.rb,activerecord/test/cases/associations/eager_singularization_test.rb,activerecord/test/cases/associations/eager_test.rb,activerecord/test/cases/associations/extension_test.rb,activerecord/test/cases/associations/has_and_belongs_to_many_associations_test.rb,activerecord/test/cases/associations/has_many_associations_test.rb,activerecord/test/cases/associations/has_many_through_associations_test.rb,activerecord/test/cases/associations/has_one_associations_test.rb,activerecord/test/cases/associations/has_one_through_associations_test.rb,activerecord/test/cases/associations/inner_join_association_test.rb,activerecord/test/cases/associations/inverse_associations_test.rb,activerecord/test/cases/associations/join_model_test.rb,activerecord/test/cases/associations/nested_through_associations_test.rb,activerecord/test/cases/associations/required_test.rb,activerecord/test/cases/associations_test.rb,activerecord/test/cases/attribute_decorators_test.rb,activerecord/test/cases/attribute_methods/read_test.rb,activerecord/test/cases/attribute_methods_test.rb,activerecord/test/cases/attribute_set_test.rb,activerecord/test/cases/attribute_test.rb,activerecord/test/cases/attributes_test.rb,activerecord/test/cases/autosave_association_test.rb,activerecord/test/cases/base_test.rb,activerecord/test/cases/batches_test.rb,activerecord/test/cases/binary_test.rb,activerecord/test/cases/bind_parameter_test.rb,activerecord/test/cases/calculations_test.rb,activerecord/test/cases/callbacks_test.rb,activerecord/test/cases/clone_test.rb,activerecord/test/cases/coders/yaml_column_test.rb,activerecord/test/cases/column_alias_test.rb,activerecord/test/cases/column_definition_test.rb,activerecord/test/cases/connection_adapters/adapter_leasing_test.rb,activerecord/test/cases/connection_adapters/connection_handler_test.rb,activerecord/test/cases/connection_adapters/connection_specification_test.rb,activerecord/test/cases/connection_adapters/merge_and_resolve_default_url_config_test.rb,activerecord/test/cases/connection_adapters/mysql_type_lookup_test.rb,activerecord/test/cases/connection_adapters/quoting_test.rb,activerecord/test/cases/connection_adapters/schema_cache_test.rb,activerecord/test/cases/connection_adapters/type_lookup_test.rb,activerecord/test/cases/connection_management_test.rb,activerecord/test/cases/connection_pool_test.rb,activerecord/test/cases/connection_specification/resolver_test.rb,activerecord/test/cases/core_test.rb,activerecord/test/cases/counter_cache_test.rb,activerecord/test/cases/custom_locking_test.rb,activerecord/test/cases/database_statements_test.rb,activerecord/test/cases/date_time_precision_test.rb,activerecord/test/cases/date_time_test.rb,activerecord/test/cases/defaults_test.rb,activerecord/test/cases/dirty_test.rb,activerecord/test/cases/disconnected_test.rb,activerecord/test/cases/dup_test.rb,activerecord/test/cases/enum_test.rb,activerecord/test/cases/explain_subscriber_test.rb,activerecord/test/cases/explain_test.rb,activerecord/test/cases/finder_respond_to_test.rb,activerecord/test/cases/finder_test.rb,activerecord/test/cases/fixture_set/file_test.rb,activerecord/test/cases/fixtures_test.rb,activerecord/test/cases/forbidden_attributes_protection_test.rb,activerecord/test/cases/habtm_destroy_order_test.rb,activerecord/test/cases/hot_compatibility_test.rb,activerecord/test/cases/i18n_test.rb,activerecord/test/cases/inheritance_test.rb,activerecord/test/cases/integration_test.rb,activerecord/test/cases/invalid_connection_test.rb,activerecord/test/cases/invalid_date_test.rb,activerecord/test/cases/invertible_migration_test.rb,activerecord/test/cases/json_serialization_test.rb,activerecord/test/cases/locking_test.rb,activerecord/test/cases/log_subscriber_test.rb,activerecord/test/cases/migration/change_schema_test.rb,activerecord/test/cases/migration/change_table_test.rb,activerecord/test/cases/migration/column_attributes_test.rb,activerecord/test/cases/migration/column_positioning_test.rb,activerecord/test/cases/migration/columns_test.rb,activerecord/test/cases/migration/command_recorder_test.rb,activerecord/test/cases/migration/create_join_table_test.rb,activerecord/test/cases/migration/foreign_key_test.rb,activerecord/test/cases/migration/index_test.rb,activerecord/test/cases/migration/logger_test.rb,activerecord/test/cases/migration/pending_migrations_test.rb,activerecord/test/cases/migration/references_foreign_key_test.rb,activerecord/test/cases/migration/references_index_test.rb,activerecord/test/cases/migration/references_statements_test.rb,activerecord/test/cases/migration/rename_table_test.rb,activerecord/test/cases/migration/table_and_index_test.rb,activerecord/test/cases/migration_test.rb,activerecord/test/cases/migrator_test.rb,activerecord/test/cases/mixin_test.rb,activerecord/test/cases/modules_test.rb,activerecord/test/cases/multiparameter_attributes_test.rb,activerecord/test/cases/multiple_db_test.rb,activerecord/test/cases/nested_attributes_test.rb,activerecord/test/cases/nested_attributes_with_callbacks_test.rb,activerecord/test/cases/persistence_test.rb,activerecord/test/cases/pooled_connections_test.rb,activerecord/test/cases/primary_keys_test.rb,activerecord/test/cases/query_cache_test.rb,activerecord/test/cases/quoting_test.rb,activerecord/test/cases/readonly_test.rb,activerecord/test/cases/reaper_test.rb,activerecord/test/cases/reflection_test.rb,activerecord/test/cases/relation/delegation_test.rb,activerecord/test/cases/relation/merging_test.rb,activerecord/test/cases/relation/mutation_test.rb,activerecord/test/cases/relation/or_test.rb,activerecord/test/cases/relation/predicate_builder_test.rb,activerecord/test/cases/relation/where_chain_test.rb,activerecord/test/cases/relation/where_clause_test.rb,activerecord/test/cases/relation/where_test.rb,activerecord/test/cases/relation_test.rb,activerecord/test/cases/relations_test.rb,activerecord/test/cases/reload_models_test.rb,activerecord/test/cases/result_test.rb,activerecord/test/cases/sanitize_test.rb,activerecord/test/cases/schema_dumper_test.rb,activerecord/test/cases/scoping/default_scoping_test.rb,activerecord/test/cases/scoping/named_scoping_test.rb,activerecord/test/cases/scoping/relation_scoping_test.rb,activerecord/test/cases/secure_token_test.rb,activerecord/test/cases/serialization_test.rb,activerecord/test/cases/serialized_attribute_test.rb,activerecord/test/cases/statement_cache_test.rb,activerecord/test/cases/store_test.rb,activerecord/test/cases/suppressor_test.rb,activerecord/test/cases/tasks/database_tasks_test.rb,activerecord/test/cases/tasks/mysql_rake_test.rb,activerecord/test/cases/tasks/postgresql_rake_test.rb,activerecord/test/cases/tasks/sqlite_rake_test.rb,activerecord/test/cases/time_precision_test.rb,activerecord/test/cases/timestamp_test.rb,activerecord/test/cases/transaction_callbacks_test.rb,activerecord/test/cases/transaction_isolation_test.rb,activerecord/test/cases/transactions_test.rb,activerecord/test/cases/type/adapter_specific_registry_test.rb,activerecord/test/cases/type/decimal_test.rb,activerecord/test/cases/type/integer_test.rb,activerecord/test/cases/type/string_test.rb,activerecord/test/cases/type/type_map_test.rb,activerecord/test/cases/type/unsigned_integer_test.rb,activerecord/test/cases/type_test.rb,activerecord/test/cases/types_test.rb,activerecord/test/cases/unconnected_test.rb,activerecord/test/cases/validations/association_validation_test.rb,activerecord/test/cases/validations/i18n_generate_message_validation_test.rb,activerecord/test/cases/validations/i18n_validation_test.rb,activerecord/test/cases/validations/length_validation_test.rb,activerecord/test/cases/validations/presence_validation_test.rb,activerecord/test/cases/validations/uniqueness_validation_test.rb,activerecord/test/cases/validations_test.rb,activerecord/test/cases/view_test.rb,activerecord/test/cases/xml_serialization_test.rb,activerecord/test/cases/yaml_serialization_test.rb,activerecord/test/cases/adapters/mysql2/active_schema_test.rb,activerecord/test/cases/adapters/mysql2/bind_parameter_test.rb,activerecord/test/cases/adapters/mysql2/boolean_test.rb,activerecord/test/cases/adapters/mysql2/case_sensitivity_test.rb,activerecord/test/cases/adapters/mysql2/connection_test.rb,activerecord/test/cases/adapters/mysql2/enum_test.rb,activerecord/test/cases/adapters/mysql2/explain_test.rb,activerecord/test/cases/adapters/mysql2/reserved_word_test.rb,activerecord/test/cases/adapters/mysql2/schema_migrations_test.rb,activerecord/test/cases/adapters/mysql2/schema_test.rb,activerecord/test/cases/adapters/mysql2/sql_types_test.rb,activerecord/test/cases/adapters/mysql2/unsigned_type_test.rb",GEM=railties,2.2.4,passed,215.06765073479946
2016-03-24 19:21:52,"activerecord/test/cases/adapter_test.rb,activerecord/test/cases/aggregations_test.rb,activerecord/test/cases/ar_schema_test.rb,activerecord/test/cases/associations/association_scope_test.rb,activerecord/test/cases/associations/belongs_to_associations_test.rb,activerecord/test/cases/associations/callbacks_test.rb,activerecord/test/cases/associations/cascaded_eager_loading_test.rb,activerecord/test/cases/associations/eager_load_includes_full_sti_class_test.rb,activerecord/test/cases/associations/eager_load_nested_include_test.rb,activerecord/test/cases/associations/eager_singularization_test.rb,activerecord/test/cases/associations/eager_test.rb,activerecord/test/cases/associations/extension_test.rb,activerecord/test/cases/associations/has_and_belongs_to_many_associations_test.rb,activerecord/test/cases/associations/has_many_associations_test.rb,activerecord/test/cases/associations/has_many_through_associations_test.rb,activerecord/test/cases/associations/has_one_associations_test.rb,activerecord/test/cases/associations/has_one_through_associations_test.rb,activerecord/test/cases/associations/inner_join_association_test.rb,activerecord/test/cases/associations/inverse_associations_test.rb,activerecord/test/cases/associations/join_model_test.rb,activerecord/test/cases/associations/nested_through_associations_test.rb,activerecord/test/cases/associations/required_test.rb,activerecord/test/cases/associations_test.rb,activerecord/test/cases/attribute_decorators_test.rb,activerecord/test/cases/attribute_methods/read_test.rb,activerecord/test/cases/attribute_methods_test.rb,activerecord/test/cases/attribute_set_test.rb,activerecord/test/cases/attribute_test.rb,activerecord/test/cases/attributes_test.rb,activerecord/test/cases/autosave_association_test.rb,activerecord/test/cases/base_test.rb,activerecord/test/cases/batches_test.rb,activerecord/test/cases/binary_test.rb,activerecord/test/cases/bind_parameter_test.rb,activerecord/test/cases/calculations_test.rb,activerecord/test/cases/callbacks_test.rb,activerecord/test/cases/clone_test.rb,activerecord/test/cases/coders/yaml_column_test.rb,activerecord/test/cases/column_alias_test.rb,activerecord/test/cases/column_definition_test.rb,activerecord/test/cases/connection_adapters/adapter_leasing_test.rb,activerecord/test/cases/connection_adapters/connection_handler_test.rb,activerecord/test/cases/connection_adapters/connection_specification_test.rb,activerecord/test/cases/connection_adapters/merge_and_resolve_default_url_config_test.rb,activerecord/test/cases/connection_adapters/mysql_type_lookup_test.rb,activerecord/test/cases/connection_adapters/quoting_test.rb,activerecord/test/cases/connection_adapters/schema_cache_test.rb,activerecord/test/cases/connection_adapters/type_lookup_test.rb,activerecord/test/cases/connection_management_test.rb,activerecord/test/cases/connection_pool_test.rb,activerecord/test/cases/connection_specification/resolver_test.rb,activerecord/test/cases/core_test.rb,activerecord/test/cases/counter_cache_test.rb,activerecord/test/cases/custom_locking_test.rb,activerecord/test/cases/database_statements_test.rb,activerecord/test/cases/date_time_precision_test.rb,activerecord/test/cases/date_time_test.rb,activerecord/test/cases/defaults_test.rb,activerecord/test/cases/dirty_test.rb,activerecord/test/cases/disconnected_test.rb,activerecord/test/cases/dup_test.rb,activerecord/test/cases/enum_test.rb,activerecord/test/cases/explain_subscriber_test.rb,activerecord/test/cases/explain_test.rb,activerecord/test/cases/finder_respond_to_test.rb,activerecord/test/cases/finder_test.rb,activerecord/test/cases/fixture_set/file_test.rb,activerecord/test/cases/fixtures_test.rb,activerecord/test/cases/forbidden_attributes_protection_test.rb,activerecord/test/cases/habtm_destroy_order_test.rb,activerecord/test/cases/hot_compatibility_test.rb,activerecord/test/cases/i18n_test.rb,activerecord/test/cases/inheritance_test.rb,activerecord/test/cases/integration_test.rb,activerecord/test/cases/invalid_connection_test.rb,activerecord/test/cases/invalid_date_test.rb,activerecord/test/cases/invertible_migration_test.rb,activerecord/test/cases/json_serialization_test.rb,activerecord/test/cases/locking_test.rb,activerecord/test/cases/log_subscriber_test.rb,activerecord/test/cases/migration/change_schema_test.rb,activerecord/test/cases/migration/change_table_test.rb,activerecord/test/cases/migration/column_attributes_test.rb,activerecord/test/cases/migration/column_positioning_test.rb,activerecord/test/cases/migration/columns_test.rb,activerecord/test/cases/migration/command_recorder_test.rb,activerecord/test/cases/migration/create_join_table_test.rb,activerecord/test/cases/migration/foreign_key_test.rb,activerecord/test/cases/migration/index_test.rb,activerecord/test/cases/migration/logger_test.rb,activerecord/test/cases/migration/pending_migrations_test.rb,activerecord/test/cases/migration/references_foreign_key_test.rb,activerecord/test/cases/migration/references_index_test.rb,activerecord/test/cases/migration/references_statements_test.rb,activerecord/test/cases/migration/rename_table_test.rb,activerecord/test/cases/migration/table_and_index_test.rb,activerecord/test/cases/migration_test.rb,activerecord/test/cases/migrator_test.rb,activerecord/test/cases/mixin_test.rb,activerecord/test/cases/modules_test.rb,activerecord/test/cases/multiparameter_attributes_test.rb,activerecord/test/cases/multiple_db_test.rb,activerecord/test/cases/nested_attributes_test.rb,activerecord/test/cases/nested_attributes_with_callbacks_test.rb,activerecord/test/cases/persistence_test.rb,activerecord/test/cases/pooled_connections_test.rb,activerecord/test/cases/primary_keys_test.rb,activerecord/test/cases/query_cache_test.rb,activerecord/test/cases/quoting_test.rb,activerecord/test/cases/readonly_test.rb,activerecord/test/cases/reaper_test.rb,activerecord/test/cases/reflection_test.rb,activerecord/test/cases/relation/delegation_test.rb,activerecord/test/cases/relation/merging_test.rb,activerecord/test/cases/relation/mutation_test.rb,activerecord/test/cases/relation/or_test.rb,activerecord/test/cases/relation/predicate_builder_test.rb,activerecord/test/cases/relation/where_chain_test.rb,activerecord/test/cases/relation/where_clause_test.rb,activerecord/test/cases/relation/where_test.rb,activerecord/test/cases/relation_test.rb,activerecord/test/cases/relations_test.rb,activerecord/test/cases/reload_models_test.rb,activerecord/test/cases/result_test.rb,activerecord/test/cases/sanitize_test.rb,activerecord/test/cases/schema_dumper_test.rb,activerecord/test/cases/scoping/default_scoping_test.rb,activerecord/test/cases/scoping/named_scoping_test.rb,activerecord/test/cases/scoping/relation_scoping_test.rb,activerecord/test/cases/secure_token_test.rb,activerecord/test/cases/serialization_test.rb,activerecord/test/cases/serialized_attribute_test.rb,activerecord/test/cases/statement_cache_test.rb,activerecord/test/cases/store_test.rb,activerecord/test/cases/suppressor_test.rb,activerecord/test/cases/tasks/database_tasks_test.rb,activerecord/test/cases/tasks/mysql_rake_test.rb,activerecord/test/cases/tasks/postgresql_rake_test.rb,activerecord/test/cases/tasks/sqlite_rake_test.rb,activerecord/test/cases/time_precision_test.rb,activerecord/test/cases/timestamp_test.rb,activerecord/test/cases/transaction_callbacks_test.rb,activerecord/test/cases/transaction_isolation_test.rb,activerecord/test/cases/transactions_test.rb,activerecord/test/cases/type/adapter_specific_registry_test.rb,activerecord/test/cases/type/decimal_test.rb,activerecord/test/cases/type/integer_test.rb,activerecord/test/cases/type/string_test.rb,activerecord/test/cases/type/type_map_test.rb,activerecord/test/cases/type/unsigned_integer_test.rb,activerecord/test/cases/type_test.rb,activerecord/test/cases/types_test.rb,activerecord/test/cases/unconnected_test.rb,activerecord/test/cases/validations/association_validation_test.rb,activerecord/test/cases/validations/i18n_generate_message_validation_test.rb,activerecord/test/cases/validations/i18n_validation_test.rb,activerecord/test/cases/validations/length_validation_test.rb,activerecord/test/cases/validations/presence_validation_test.rb,activerecord/test/cases/validations/uniqueness_validation_test.rb,activerecord/test/cases/validations_test.rb,activerecord/test/cases/view_test.rb,activerecord/test/cases/xml_serialization_test.rb,activerecord/test/cases/yaml_serialization_test.rb,activerecord/test/cases/adapters/sqlite3/copy_table_test.rb,activerecord/test/cases/adapters/sqlite3/explain_test.rb,activerecord/test/cases/adapters/sqlite3/quoting_test.rb,activerecord/test/cases/adapters/sqlite3/sqlite3_adapter_test.rb,activerecord/test/cases/adapters/sqlite3/sqlite3_create_folder_test.rb,activerecord/test/cases/adapters/sqlite3/statement_pool_test.rb",GEM=railties,2.2.4,passed,15.22666559667299
2016-03-24 19:22:08,"activerecord/test/cases/adapter_test.rb,activerecord/test/cases/aggregations_test.rb,activerecord/test/cases/ar_schema_test.rb,activerecord/test/cases/associations_test.rb,activerecord/test/cases/attribute_decorators_test.rb,activerecord/test/cases/attribute_methods_test.rb,activerecord/test/cases/attribute_set_test.rb,activerecord/test/cases/attribute_test.rb,activerecord/test/cases/attributes_test.rb,activerecord/test/cases/autosave_association_test.rb,activerecord/test/cases/base_test.rb,activerecord/test/cases/batches_test.rb,activerecord/test/cases/binary_test.rb,activerecord/test/cases/bind_parameter_test.rb,activerecord/test/cases/calculations_test.rb,activerecord/test/cases/callbacks_test.rb,activerecord/test/cases/clone_test.rb,activerecord/test/cases/column_alias_test.rb,activerecord/test/cases/column_definition_test.rb,activerecord/test/cases/connection_management_test.rb,activerecord/test/cases/connection_pool_test.rb,activerecord/test/cases/core_test.rb,activerecord/test/cases/counter_cache_test.rb,activerecord/test/cases/custom_locking_test.rb,activerecord/test/cases/database_statements_test.rb,activerecord/test/cases/date_time_precision_test.rb,activerecord/test/cases/date_time_test.rb,activerecord/test/cases/defaults_test.rb,activerecord/test/cases/dirty_test.rb,activerecord/test/cases/disconnected_test.rb,activerecord/test/cases/dup_test.rb,activerecord/test/cases/enum_test.rb,activerecord/test/cases/explain_subscriber_test.rb,activerecord/test/cases/explain_test.rb,activerecord/test/cases/finder_respond_to_test.rb,activerecord/test/cases/finder_test.rb,activerecord/test/cases/fixtures_test.rb,activerecord/test/cases/forbidden_attributes_protection_test.rb,activerecord/test/cases/habtm_destroy_order_test.rb,activerecord/test/cases/hot_compatibility_test.rb,activerecord/test/cases/i18n_test.rb,activerecord/test/cases/inheritance_test.rb,activerecord/test/cases/integration_test.rb,activerecord/test/cases/invalid_connection_test.rb,activerecord/test/cases/invalid_date_test.rb,activerecord/test/cases/invertible_migration_test.rb,activerecord/test/cases/json_serialization_test.rb,activerecord/test/cases/locking_test.rb,activerecord/test/cases/log_subscriber_test.rb,activerecord/test/cases/migration_test.rb,activerecord/test/cases/migrator_test.rb,activerecord/test/cases/mixin_test.rb,activerecord/test/cases/modules_test.rb,activerecord/test/cases/multiparameter_attributes_test.rb,activerecord/test/cases/multiple_db_test.rb,activerecord/test/cases/nested_attributes_test.rb,activerecord/test/cases/nested_attributes_with_callbacks_test.rb,activerecord/test/cases/persistence_test.rb,activerecord/test/cases/pooled_connections_test.rb,activerecord/test/cases/primary_keys_test.rb,activerecord/test/cases/query_cache_test.rb,activerecord/test/cases/quoting_test.rb,activerecord/test/cases/readonly_test.rb,activerecord/test/cases/reaper_test.rb,activerecord/test/cases/reflection_test.rb,activerecord/test/cases/relation_test.rb,activerecord/test/cases/relations_test.rb,activerecord/test/cases/reload_models_test.rb,activerecord/test/cases/result_test.rb,activerecord/test/cases/sanitize_test.rb,activerecord/test/cases/schema_dumper_test.rb,activerecord/test/cases/secure_token_test.rb,activerecord/test/cases/serialization_test.rb,activerecord/test/cases/serialized_attribute_test.rb,activerecord/test/cases/statement_cache_test.rb,activerecord/test/cases/store_test.rb,activerecord/test/cases/suppressor_test.rb,activerecord/test/cases/time_precision_test.rb,activerecord/test/cases/timestamp_test.rb,activerecord/test/cases/transaction_callbacks_test.rb,activerecord/test/cases/transaction_isolation_test.rb,activerecord/test/cases/transactions_test.rb,activerecord/test/cases/type_test.rb,activerecord/test/cases/types_test.rb,activerecord/test/cases/unconnected_test.rb,activerecord/test/cases/validations_test.rb,activerecord/test/cases/view_test.rb,activerecord/test/cases/xml_serialization_test.rb,activerecord/test/cases/yaml_serialization_test.rb,activerecord/test/cases/associations/association_scope_test.rb,activerecord/test/cases/associations/belongs_to_associations_test.rb,activerecord/test/cases/associations/callbacks_test.rb,activerecord/test/cases/associations/cascaded_eager_loading_test.rb,activerecord/test/cases/associations/eager_load_includes_full_sti_class_test.rb,activerecord/test/cases/associations/eager_load_nested_include_test.rb,activerecord/test/cases/associations/eager_singularization_test.rb,activerecord/test/cases/associations/eager_test.rb,activerecord/test/cases/associations/extension_test.rb,activerecord/test/cases/associations/has_and_belongs_to_many_associations_test.rb,activerecord/test/cases/associations/has_many_associations_test.rb,activerecord/test/cases/associations/has_many_through_associations_test.rb,activerecord/test/cases/associations/has_one_associations_test.rb,activerecord/test/cases/associations/has_one_through_associations_test.rb,activerecord/test/cases/associations/inner_join_association_test.rb,activerecord/test/cases/associations/inverse_associations_test.rb,activerecord/test/cases/associations/join_model_test.rb,activerecord/test/cases/associations/nested_through_associations_test.rb,activerecord/test/cases/associations/required_test.rb,activerecord/test/cases/attribute_methods/read_test.rb,activerecord/test/cases/coders/yaml_column_test.rb,activerecord/test/cases/connection_adapters/adapter_leasing_test.rb,activerecord/test/cases/connection_adapters/connection_handler_test.rb,activerecord/test/cases/connection_adapters/connection_specification_test.rb,activerecord/test/cases/connection_adapters/merge_and_resolve_default_url_config_test.rb,activerecord/test/cases/connection_adapters/mysql_type_lookup_test.rb,activerecord/test/cases/connection_adapters/quoting_test.rb,activerecord/test/cases/connection_adapters/schema_cache_test.rb,activerecord/test/cases/connection_adapters/type_lookup_test.rb,activerecord/test/cases/connection_specification/resolver_test.rb,activerecord/test/cases/fixture_set/file_test.rb,activerecord/test/cases/migration/change_schema_test.rb,activerecord/test/cases/migration/change_table_test.rb,activerecord/test/cases/migration/column_attributes_test.rb,activerecord/test/cases/migration/column_positioning_test.rb,activerecord/test/cases/migration/columns_test.rb,activerecord/test/cases/migration/command_recorder_test.rb,activerecord/test/cases/migration/create_join_table_test.rb,activerecord/test/cases/migration/foreign_key_test.rb,activerecord/test/cases/migration/index_test.rb,activerecord/test/cases/migration/logger_test.rb,activerecord/test/cases/migration/pending_migrations_test.rb,activerecord/test/cases/migration/references_foreign_key_test.rb,activerecord/test/cases/migration/references_index_test.rb,activerecord/test/cases/migration/references_statements_test.rb,activerecord/test/cases/migration/rename_table_test.rb,activerecord/test/cases/migration/table_and_index_test.rb,activerecord/test/cases/relation/delegation_test.rb,activerecord/test/cases/relation/merging_test.rb,activerecord/test/cases/relation/mutation_test.rb,activerecord/test/cases/relation/or_test.rb,activerecord/test/cases/relation/predicate_builder_test.rb,activerecord/test/cases/relation/where_chain_test.rb,activerecord/test/cases/relation/where_clause_test.rb,activerecord/test/cases/relation/where_test.rb,activerecord/test/cases/scoping/default_scoping_test.rb,activerecord/test/cases/scoping/named_scoping_test.rb,activerecord/test/cases/scoping/relation_scoping_test.rb,activerecord/test/cases/tasks/database_tasks_test.rb,activerecord/test/cases/tasks/mysql_rake_test.rb,activerecord/test/cases/tasks/postgresql_rake_test.rb,activerecord/test/cases/tasks/sqlite_rake_test.rb,activerecord/test/cases/type/adapter_specific_registry_test.rb,activerecord/test/cases/type/decimal_test.rb,activerecord/test/cases/type/integer_test.rb,activerecord/test/cases/type/string_test.rb,activerecord/test/cases/type/type_map_test.rb,activerecord/test/cases/type/unsigned_integer_test.rb,activerecord/test/cases/validations/association_validation_test.rb,activerecord/test/cases/validations/i18n_generate_message_validation_test.rb,activerecord/test/cases/validations/i18n_validation_test.rb,activerecord/test/cases/validations/length_validation_test.rb,activerecord/test/cases/validations/presence_validation_test.rb,activerecord/test/cases/validations/uniqueness_validation_test.rb,activerecord/test/cases/adapters/sqlite3/copy_table_test.rb,activerecord/test/cases/adapters/sqlite3/explain_test.rb,activerecord/test/cases/adapters/sqlite3/quoting_test.rb,activerecord/test/cases/adapters/sqlite3/sqlite3_adapter_test.rb,activerecord/test/cases/adapters/sqlite3/sqlite3_create_folder_test.rb,activerecord/test/cases/adapters/sqlite3/statement_pool_test.rb",GEM=railties,2.2.4,passed,4.07666822946679
2016-03-24 19:22:12,"activerecord/test/cases/adapter_test.rb,activerecord/test/cases/aggregations_test.rb,activerecord/test/cases/ar_schema_test.rb,activerecord/test/cases/associations/association_scope_test.rb,activerecord/test/cases/associations/belongs_to_associations_test.rb,activerecord/test/cases/associations/callbacks_test.rb,activerecord/test/cases/associations/cascaded_eager_loading_test.rb,activerecord/test/cases/associations/eager_load_includes_full_sti_class_test.rb,activerecord/test/cases/associations/eager_load_nested_include_test.rb,activerecord/test/cases/associations/eager_singularization_test.rb,activerecord/test/cases/associations/eager_test.rb,activerecord/test/cases/associations/extension_test.rb,activerecord/test/cases/associations/has_and_belongs_to_many_associations_test.rb,activerecord/test/cases/associations/has_many_associations_test.rb,activerecord/test/cases/associations/has_many_through_associations_test.rb,activerecord/test/cases/associations/has_one_associations_test.rb,activerecord/test/cases/associations/has_one_through_associations_test.rb,activerecord/test/cases/associations/inner_join_association_test.rb,activerecord/test/cases/associations/inverse_associations_test.rb,activerecord/test/cases/associations/join_model_test.rb,activerecord/test/cases/associations/nested_through_associations_test.rb,activerecord/test/cases/associations/required_test.rb,activerecord/test/cases/associations_test.rb,activerecord/test/cases/attribute_decorators_test.rb,activerecord/test/cases/attribute_methods/read_test.rb,activerecord/test/cases/attribute_methods_test.rb,activerecord/test/cases/attribute_set_test.rb,activerecord/test/cases/attribute_test.rb,activerecord/test/cases/attributes_test.rb,activerecord/test/cases/autosave_association_test.rb,activerecord/test/cases/base_test.rb,activerecord/test/cases/batches_test.rb,activerecord/test/cases/binary_test.rb,activerecord/test/cases/bind_parameter_test.rb,activerecord/test/cases/calculations_test.rb,activerecord/test/cases/callbacks_test.rb,activerecord/test/cases/clone_test.rb,activerecord/test/cases/coders/yaml_column_test.rb,activerecord/test/cases/column_alias_test.rb,activerecord/test/cases/column_definition_test.rb,activerecord/test/cases/connection_adapters/adapter_leasing_test.rb,activerecord/test/cases/connection_adapters/connection_handler_test.rb,activerecord/test/cases/connection_adapters/connection_specification_test.rb,activerecord/test/cases/connection_adapters/merge_and_resolve_default_url_config_test.rb,activerecord/test/cases/connection_adapters/mysql_type_lookup_test.rb,activerecord/test/cases/connection_adapters/quoting_test.rb,activerecord/test/cases/connection_adapters/schema_cache_test.rb,activerecord/test/cases/connection_adapters/type_lookup_test.rb,activerecord/test/cases/connection_management_test.rb,activerecord/test/cases/connection_pool_test.rb,activerecord/test/cases/connection_specification/resolver_test.rb,activerecord/test/cases/core_test.rb,activerecord/test/cases/counter_cache_test.rb,activerecord/test/cases/custom_locking_test.rb,activerecord/test/cases/database_statements_test.rb,activerecord/test/cases/date_time_precision_test.rb,activerecord/test/cases/date_time_test.rb,activerecord/test/cases/defaults_test.rb,activerecord/test/cases/dirty_test.rb,activerecord/test/cases/disconnected_test.rb,activerecord/test/cases/dup_test.rb,activerecord/test/cases/enum_test.rb,activerecord/test/cases/explain_subscriber_test.rb,activerecord/test/cases/explain_test.rb,activerecord/test/cases/finder_respond_to_test.rb,activerecord/test/cases/finder_test.rb,activerecord/test/cases/fixture_set/file_test.rb,activerecord/test/cases/fixtures_test.rb,activerecord/test/cases/forbidden_attributes_protection_test.rb,activerecord/test/cases/habtm_destroy_order_test.rb,activerecord/test/cases/hot_compatibility_test.rb,activerecord/test/cases/i18n_test.rb,activerecord/test/cases/inheritance_test.rb,activerecord/test/cases/integration_test.rb,activerecord/test/cases/invalid_connection_test.rb,activerecord/test/cases/invalid_date_test.rb,activerecord/test/cases/invertible_migration_test.rb,activerecord/test/cases/json_serialization_test.rb,activerecord/test/cases/locking_test.rb,activerecord/test/cases/log_subscriber_test.rb,activerecord/test/cases/migration/change_schema_test.rb,activerecord/test/cases/migration/change_table_test.rb,activerecord/test/cases/migration/column_attributes_test.rb,activerecord/test/cases/migration/column_positioning_test.rb,activerecord/test/cases/migration/columns_test.rb,activerecord/test/cases/migration/command_recorder_test.rb,activerecord/test/cases/migration/create_join_table_test.rb,activerecord/test/cases/migration/foreign_key_test.rb,activerecord/test/cases/migration/index_test.rb,activerecord/test/cases/migration/logger_test.rb,activerecord/test/cases/migration/pending_migrations_test.rb,activerecord/test/cases/migration/references_foreign_key_test.rb,activerecord/test/cases/migration/references_index_test.rb,activerecord/test/cases/migration/references_statements_test.rb,activerecord/test/cases/migration/rename_table_test.rb,activerecord/test/cases/migration/table_and_index_test.rb,activerecord/test/cases/migration_test.rb,activerecord/test/cases/migrator_test.rb,activerecord/test/cases/mixin_test.rb,activerecord/test/cases/modules_test.rb,activerecord/test/cases/multiparameter_attributes_test.rb,activerecord/test/cases/multiple_db_test.rb,activerecord/test/cases/nested_attributes_test.rb,activerecord/test/cases/nested_attributes_with_callbacks_test.rb,activerecord/test/cases/persistence_test.rb,activerecord/test/cases/pooled_connections_test.rb,activerecord/test/cases/primary_keys_test.rb,activerecord/test/cases/query_cache_test.rb,activerecord/test/cases/quoting_test.rb,activerecord/test/cases/readonly_test.rb,activerecord/test/cases/reaper_test.rb,activerecord/test/cases/reflection_test.rb,activerecord/test/cases/relation/delegation_test.rb,activerecord/test/cases/relation/merging_test.rb,activerecord/test/cases/relation/mutation_test.rb,activerecord/test/cases/relation/or_test.rb,activerecord/test/cases/relation/predicate_builder_test.rb,activerecord/test/cases/relation/where_chain_test.rb,activerecord/test/cases/relation/where_clause_test.rb,activerecord/test/cases/relation/where_test.rb,activerecord/test/cases/relation_test.rb,activerecord/test/cases/relations_test.rb,activerecord/test/cases/reload_models_test.rb,activerecord/test/cases/result_test.rb,activerecord/test/cases/sanitize_test.rb,activerecord/test/cases/schema_dumper_test.rb,activerecord/test/cases/scoping/default_scoping_test.rb,activerecord/test/cases/scoping/named_scoping_test.rb,activerecord/test/cases/scoping/relation_scoping_test.rb,activerecord/test/cases/secure_token_test.rb,activerecord/test/cases/serialization_test.rb,activerecord/test/cases/serialized_attribute_test.rb,activerecord/test/cases/statement_cache_test.rb,activerecord/test/cases/store_test.rb,activerecord/test/cases/suppressor_test.rb,activerecord/test/cases/tasks/database_tasks_test.rb,activerecord/test/cases/tasks/mysql_rake_test.rb,activerecord/test/cases/tasks/postgresql_rake_test.rb,activerecord/test/cases/tasks/sqlite_rake_test.rb,activerecord/test/cases/time_precision_test.rb,activerecord/test/cases/timestamp_test.rb,activerecord/test/cases/transaction_callbacks_test.rb,activerecord/test/cases/transaction_isolation_test.rb,activerecord/test/cases/transactions_test.rb,activerecord/test/cases/type/adapter_specific_registry_test.rb,activerecord/test/cases/type/decimal_test.rb,activerecord/test/cases/type/integer_test.rb,activerecord/test/cases/type/string_test.rb,activerecord/test/cases/type/type_map_test.rb,activerecord/test/cases/type/unsigned_integer_test.rb,activerecord/test/cases/type_test.rb,activerecord/test/cases/types_test.rb,activerecord/test/cases/unconnected_test.rb,activerecord/test/cases/validations/association_validation_test.rb,activerecord/test/cases/validations/i18n_generate_message_validation_test.rb,activerecord/test/cases/validations/i18n_validation_test.rb,activerecord/test/cases/validations/length_validation_test.rb,activerecord/test/cases/validations/presence_validation_test.rb,activerecord/test/cases/validations/uniqueness_validation_test.rb,activerecord/test/cases/validations_test.rb,activerecord/test/cases/view_test.rb,activerecord/test/cases/xml_serialization_test.rb,activerecord/test/cases/yaml_serialization_test.rb,activerecord/test/cases/adapters/postgresql/active_schema_test.rb,activerecord/test/cases/adapters/postgresql/array_test.rb,activerecord/test/cases/adapters/postgresql/bit_string_test.rb,activerecord/test/cases/adapters/postgresql/bytea_test.rb,activerecord/test/cases/adapters/postgresql/change_schema_test.rb,activerecord/test/cases/adapters/postgresql/cidr_test.rb,activerecord/test/cases/adapters/postgresql/citext_test.rb,activerecord/test/cases/adapters/postgresql/composite_test.rb,activerecord/test/cases/adapters/postgresql/connection_test.rb,activerecord/test/cases/adapters/postgresql/datatype_test.rb,activerecord/test/cases/adapters/postgresql/domain_test.rb,activerecord/test/cases/adapters/postgresql/enum_test.rb,activerecord/test/cases/adapters/postgresql/explain_test.rb,activerecord/test/cases/adapters/postgresql/extension_migration_test.rb,activerecord/test/cases/adapters/postgresql/full_text_test.rb,activerecord/test/cases/adapters/postgresql/geometric_test.rb,activerecord/test/cases/adapters/postgresql/hstore_test.rb,activerecord/test/cases/adapters/postgresql/infinity_test.rb,activerecord/test/cases/adapters/postgresql/integer_test.rb,activerecord/test/cases/adapters/postgresql/json_test.rb,activerecord/test/cases/adapters/postgresql/ltree_test.rb,activerecord/test/cases/adapters/postgresql/money_test.rb,activerecord/test/cases/adapters/postgresql/network_test.rb,activerecord/test/cases/adapters/postgresql/numbers_test.rb,activerecord/test/cases/adapters/postgresql/postgresql_adapter_test.rb,activerecord/test/cases/adapters/postgresql/quoting_test.rb,activerecord/test/cases/adapters/postgresql/range_test.rb,activerecord/test/cases/adapters/postgresql/referential_integrity_test.rb,activerecord/test/cases/adapters/postgresql/rename_table_test.rb,activerecord/test/cases/adapters/postgresql/schema_authorization_test.rb,activerecord/test/cases/adapters/postgresql/schema_test.rb,activerecord/test/cases/adapters/postgresql/serial_test.rb,activerecord/test/cases/adapters/postgresql/statement_pool_test.rb,activerecord/test/cases/adapters/postgresql/timestamp_test.rb,activerecord/test/cases/adapters/postgresql/type_lookup_test.rb,activerecord/test/cases/adapters/postgresql/utils_test.rb,activerecord/test/cases/adapters/postgresql/uuid_test.rb,activerecord/test/cases/adapters/postgresql/view_test.rb,activerecord/test/cases/adapters/postgresql/xml_test.rb",GEM=railties,2.2.4,passed,284.8327622994735
2016-03-24 19:26:57,activejob/test/integration/queuing_test.rb,GEM=railties,2.2.4,passed,26.46541964213829
2016-03-24 19:27:23,railties/test/application/assets_test.rb,GEM=railties,2.2.4,passed,11.734500045121653
2016-03-24 19:27:35,railties/test/application/build_original_fullpath_test.rb,GEM=railties,2.2.4,passed,216.79863879876945
2016-03-24 19:31:12,railties/test/application/configuration/base_test.rb,GEM=railties,2.2.4,passed,5.8861482269294205
2016-03-24 19:31:17,railties/test/application/configuration/custom_test.rb,GEM=railties,2.2.4,passed,67.76434953922086
2016-03-24 19:32:25,railties/test/application/configuration_test.rb,GEM=railties,2.2.4,passed,44.346045646227495
2016-03-24 19:33:10,railties/test/application/console_test.rb,GEM=railties,2.2.4,passed,334.12753652036764
2016-03-24 19:38:44,railties/test/application/generators_test.rb,GEM=railties,2.2.4,passed,138.12704529747788
2016-03-24 19:41:00,railties/test/application/initializers/frameworks_test.rb,GEM=railties,2.2.4,failed,2.0444713492915203
2016-03-24 19:41:02,railties/test/application/initializers/i18n_test.rb,GEM=railties,2.2.4,failed,0.011774650108379999
2016-03-24 19:41:02,railties/test/application/initializers/hooks_test.rb,GEM=railties,2.2.4,failed,0.00482504035105
2016-03-24 19:41:02,railties/test/application/initializers/load_path_test.rb,GEM=railties,2.2.4,failed,0.00655572891234
2016-03-24 19:41:02,railties/test/application/initializers/notifications_test.rb,GEM=railties,2.2.4,failed,0.02469811934795
2016-03-24 19:41:02,railties/test/application/loading_test.rb,GEM=railties,2.2.4,failed,0.5162226225922399
2016-03-24 19:41:03,railties/test/application/mailer_previews_test.rb,GEM=railties,2.2.4,failed,0.04527839349835
2016-03-24 19:41:03,railties/test/application/middleware/exceptions_test.rb,GEM=railties,2.2.4,failed,6.36489662689314
2016-03-24 19:41:03,railties/test/application/middleware/cookies_test.rb,GEM=railties,2.2.4,failed,0.00950386735813
2016-03-24 19:41:03,railties/test/application/middleware/cache_test.rb,GEM=railties,2.2.4,failed,0.00439236821073
2016-03-24 19:41:08,railties/test/application/middleware/sendfile_test.rb,GEM=railties,2.2.4,passed,88.46697677929411
2016-03-24 19:41:08,railties/test/application/middleware/remote_ip_test.rb,GEM=railties,2.2.4,passed,0.34717269255961003
2016-03-24 19:42:29,railties/test/application/middleware/static_test.rb,GEM=railties,2.2.4,failed,0.10824263372563
2016-03-24 19:42:29,railties/test/application/middleware_test.rb,GEM=railties,2.2.4,failed,0.031725311695960004
2016-03-24 19:42:29,railties/test/application/multiple_applications_test.rb,GEM=railties,2.2.4,failed,1.31322857663353
2016-03-24 19:42:29,railties/test/application/middleware/session_test.rb,GEM=railties,2.2.4,failed,0.00800592656887
2016-03-24 19:42:31,railties/test/application/rake_test.rb,GEM=railties,2.2.4,failed,0.65861353199964
2016-03-24 19:42:31,railties/test/application/rake/restart_test.rb,GEM=railties,2.2.4,failed,0.09679621765474003
2016-03-24 19:42:31,railties/test/application/rake/notes_test.rb,GEM=railties,2.2.4,failed,0.048787513753660014
2016-03-24 19:42:31,railties/test/application/rackup_test.rb,GEM=railties,2.2.4,failed,0.14072288370779998
2016-03-24 19:42:31,railties/test/application/rack/logger_test.rb,GEM=railties,2.2.4,failed,0.02137400373196
2016-03-24 19:42:31,railties/test/application/paths_test.rb,GEM=railties,2.2.4,failed,0.04815193329925
2016-03-24 19:42:31,railties/test/application/rake/dbs_test.rb,GEM=railties,2.2.4,failed,0.25316691311326
2016-03-24 19:42:31,railties/test/application/rake/migrations_test.rb,GEM=railties,2.2.4,failed,0.09017484193489997
2016-03-24 19:42:32,railties/test/application/rendering_test.rb,GEM=railties,2.2.4,failed,0.98326981847743
2016-03-24 19:42:33,railties/test/application/routing_test.rb,GEM=railties,2.2.4,failed,3.49029752523216
2016-03-24 19:42:36,railties/test/application/runner_test.rb,GEM=railties,2.2.4,failed,0.3680160028297501
2016-03-24 19:42:37,railties/test/application/test_runner_test.rb,GEM=railties,2.2.4,failed,4.275379631875301
2016-03-24 19:42:41,railties/test/application/test_test.rb,GEM=railties,2.2.4,failed,0.3640831622715
2016-03-24 19:42:41,railties/test/application/url_generation_test.rb,GEM=railties,2.2.4,failed,99.01375189226736
2016-03-24 19:44:20,railties/test/commands/console_test.rb,GEM=railties,2.2.4,failed,123.98441888127495
2016-03-24 19:46:24,railties/test/commands/dbconsole_test.rb,GEM=railties,2.2.4,failed,2.08769082019109
2016-03-24 19:46:26,railties/test/commands/server_test.rb,GEM=railties,2.2.4,failed,76.2381022858173
2016-03-24 19:47:43,railties/test/configuration/middleware_stack_proxy_test.rb,GEM=railties,2.2.4,failed,183.8797335209156
2016-03-24 19:50:47,railties/test/generators/app_generator_test.rb,GEM=railties,2.2.4,failed,21.593920537070947
2016-03-24 19:50:47,railties/test/generators/actions_test.rb,GEM=railties,2.2.4,failed,0.05855396834178
2016-03-24 19:51:08,railties/test/generators/argv_scrubber_test.rb,GEM=railties,2.2.4,failed,1.82928111431543
2016-03-24 19:51:10,railties/test/generators/controller_generator_test.rb,GEM=railties,2.2.4,failed,0.29554789524434005
2016-03-24 19:51:10,railties/test/generators/create_migration_test.rb,GEM=railties,2.2.4,failed,0.017327773233490003
2016-03-24 19:51:10,railties/test/generators/generated_attribute_test.rb,GEM=railties,2.2.4,failed,0.006716861985290001
2016-03-24 19:51:10,railties/test/generators/assets_generator_test.rb,GEM=railties,2.2.4,failed,0.03491813369696
2016-03-24 19:51:10,railties/test/generators/generator_generator_test.rb,GEM=railties,2.2.4,failed,0.7132346597831699
2016-03-24 19:51:11,railties/test/generators/generator_test.rb,GEM=railties,2.2.4,failed,0.617479839211
2016-03-24 19:51:12,railties/test/generators/helper_generator_test.rb,GEM=railties,2.2.4,failed,113.97363881143532
2016-03-24 19:53:06,railties/test/generators/integration_test_generator_test.rb,GEM=railties,2.2.4,failed,86.39709792725685
2016-03-24 19:54:32,railties/test/generators/job_generator_test.rb,GEM=railties,2.2.4,failed,4.03094076021339
2016-03-24 19:54:36,railties/test/generators/mailer_generator_test.rb,GEM=railties,2.2.4,failed,21.46648218004395
2016-03-24 19:54:58,railties/test/generators/model_generator_test.rb,GEM=railties,2.2.4,failed,0.00315403070566
2016-03-24 19:54:58,railties/test/generators/migration_generator_test.rb,GEM=railties,2.2.4,failed,0.01385446032772
2016-03-24 20:40:00,railties/test/generators/named_base_test.rb,GEM=ap,2.2.4,passed,25.939586440395022
2016-03-24 20:40:26,railties/test/generators/namespaced_generators_test.rb,GEM=ap,2.3.0,passed,25.33676339367389
2016-03-24 20:40:52,railties/test/generators/orm_test.rb,"GEM=am,amo,as,av,aj",2.2.4,passed,3.92784504753204
2016-03-24 20:40:55,railties/test/generators/plugin_generator_test.rb,"GEM=am,amo,as,av,aj",2.2.4,passed,159.89738772040684
2016-03-24 20:43:35,railties/test/generators/resource_generator_test.rb,"GEM=am,amo,as,av,aj",2.2.4,passed,59.137639397094055
2016-03-24 20:44:34,railties/test/generators/scaffold_controller_generator_test.rb,"GEM=am,amo,as,av,aj",2.2.4,passed,1.73613605353043
2016-03-24 20:44:36,railties/test/generators/scaffold_generator_test.rb,"GEM=am,amo,as,av,aj",2.2.4,passed,21.76350209923817
2016-03-24 20:44:58,railties/test/generators/task_generator_test.rb,"GEM=am,amo,as,av,aj",2.2.4,passed,0.4011740524397
2016-03-24 20:45:03,railties/test/railties/engine_test.rb,"GEM=am,amo,as,av,aj",2.3.0,passed,2.83617311458126
2016-03-24 20:45:06,railties/test/railties/generators_test.rb,"GEM=am,amo,as,av,aj",2.3.0,passed,150.84818749846525
2016-03-24 20:47:37,railties/test/railties/mounted_engine_test.rb,"GEM=am,amo,as,av,aj",2.3.0,passed,62.30475185822405
2016-03-24 20:48:39,railties/test/railties/railtie_test.rb,"GEM=am,amo,as,av,aj",2.3.0,passed,1.3229736878394098
2016-03-24 20:48:40,actionpack/test/abstract/callbacks_test.rb,"GEM=am,amo,as,av,aj",2.3.0,passed,19.61934599060368
2016-03-24 20:49:05,actionpack/test/abstract/collector_test.rb,GEM=ar:mysql2,2.2.4,passed,245.49164719005933
2016-03-24 20:53:10,actionpack/test/abstract/translation_test.rb,GEM=ar:mysql2,2.3.0,passed,270.28056000137644
2016-03-24 20:57:41,actionpack/test/assertions/response_assertions_test.rb,GEM=ar:sqlite3,2.2.4,passed,250.08752409857516
2016-03-24 21:00:34,actionpack/test/controller/default_url_options_with_before_action_test.rb,"GEM=am,amo,as,av,aj",2.2.4,passed,3.2973790682783704
2016-03-24 21:01:51,actionpack/test/controller/action_pack_assertions_test.rb,GEM=ar:sqlite3,2.3.0,passed,269.1094165119884
2016-03-24 21:04:17,actionpack/test/controller/filters_test.rb,"GEM=am,amo,as,av,aj",2.3.0,passed,3.71251100923026
2016-03-24 21:06:20,actionpack/test/controller/base_test.rb,GEM=ar:postgresql,2.2.4,passed,380.8907151778184
2016-03-24 21:12:41,actionpack/test/controller/caching_test.rb,GEM=ar:postgresql,2.3.0,passed,376.1864124660098
2016-03-24 21:18:57,actionpack/test/controller/content_type_test.rb,GEM=aj:integration,2.2.4,passed,28.453486322127922
